code,prefix,database,value,token_id
LAB_dispon_13_Q55,LAB,dispon,13_Q55,6062
LAB_dispon_13_Q24,LAB,dispon,13_Q24,6063
LAB_dispon_13_Q5,LAB,dispon,13_Q5,6064
LAB_dispon_13_Q11,LAB,dispon,13_Q11,6065
LAB_dispon_13_Q31,LAB,dispon,13_Q31,6066
LAB_dispon_13_Q43,LAB,dispon,13_Q43,6067
LAB_dispon_13_Q42,LAB,dispon,13_Q42,6068
LAB_dispon_13_Q18,LAB,dispon,13_Q18,6069
LAB_dispon_13_Q33,LAB,dispon,13_Q33,6070
LAB_dispon_13_Q4,LAB,dispon,13_Q4,6071
LAB_dispon_13_Q57,LAB,dispon,13_Q57,6072
LAB_dispon_13_Q49,LAB,dispon,13_Q49,6073
LAB_dispon_13_Q47,LAB,dispon,13_Q47,6074
LAB_dispon_13_Q39,LAB,dispon,13_Q39,6075
LAB_dispon_13_Q41,LAB,dispon,13_Q41,6076
LAB_dispon_13_Q36,LAB,dispon,13_Q36,6077
LAB_dispon_13_Q35,LAB,dispon,13_Q35,6078
LAB_dispon_13_Q3,LAB,dispon,13_Q3,6079
LAB_dispon_13_Q46,LAB,dispon,13_Q46,6080
LAB_dispon_13_Q44,LAB,dispon,13_Q44,6081
LAB_dispon_13_Q38,LAB,dispon,13_Q38,6082
LAB_dispon_13_Q22,LAB,dispon,13_Q22,6083
LAB_dispon_13_Q7,LAB,dispon,13_Q7,6084
LAB_dispon_13_Q25,LAB,dispon,13_Q25,6085
LAB_dispon_13_Q9,LAB,dispon,13_Q9,6086
LAB_dispon_13_Q19,LAB,dispon,13_Q19,6087
LAB_dispon_13_Q10,LAB,dispon,13_Q10,6088
LAB_dispon_13_Q14,LAB,dispon,13_Q14,6089
LAB_dispon_13_Q17,LAB,dispon,13_Q17,6090
LAB_dispon_13_Q8,LAB,dispon,13_Q8,6091
LAB_dispon_13_Q13,LAB,dispon,13_Q13,6092
LAB_dispon_13_Q12,LAB,dispon,13_Q12,6093
LAB_dispon_13_Q20,LAB,dispon,13_Q20,6094
LAB_dispon_13_Q67,LAB,dispon,13_Q67,6095
LAB_dispon_13_Q28,LAB,dispon,13_Q28,6096
LAB_dispon_13_Q21,LAB,dispon,13_Q21,6097
LAB_dispon_13_Q15,LAB,dispon,13_Q15,6098
LAB_dispon_13_Q2,LAB,dispon,13_Q2,6099
LAB_dispon_13_Q30,LAB,dispon,13_Q30,6100
LAB_dispon_13_Q27,LAB,dispon,13_Q27,6101
LAB_dispon_13_Q16,LAB,dispon,13_Q16,6102
LAB_dispon_13_Q37,LAB,dispon,13_Q37,6103
LAB_dispon_13_Q32,LAB,dispon,13_Q32,6104
LAB_dispon_13_Q34,LAB,dispon,13_Q34,6105
LAB_dispon_13_Q72,LAB,dispon,13_Q72,6106
LAB_dispon_13_Q51,LAB,dispon,13_Q51,6107
LAB_dispon_13_Q58,LAB,dispon,13_Q58,6108
LAB_dispon_13_Q63,LAB,dispon,13_Q63,6109
LAB_dispon_13_Q69,LAB,dispon,13_Q69,6110
LAB_dispon_13_Q66,LAB,dispon,13_Q66,6111
LAB_dispon_13_Q60,LAB,dispon,13_Q60,6112
LAB_dispon_13_Q56,LAB,dispon,13_Q56,6113
LAB_dispon_13_Q61,LAB,dispon,13_Q61,6114
LAB_dispon_13_Q59,LAB,dispon,13_Q59,6115
LAB_dispon_13_Q29,LAB,dispon,13_Q29,6116
LAB_dispon_13_Q65,LAB,dispon,13_Q65,6117
LAB_dispon_13_Q54,LAB,dispon,13_Q54,6118
LAB_dispon_13_Q23,LAB,dispon,13_Q23,6119
LAB_dispon_13_Q6,LAB,dispon,13_Q6,6120
LAB_dispon_13_Q26,LAB,dispon,13_Q26,6121
LAB_dispon_13_Q40,LAB,dispon,13_Q40,6122
LAB_dispon_13_Q45,LAB,dispon,13_Q45,6123
LAB_dispon_13_Q53,LAB,dispon,13_Q53,6124
LAB_dispon_13_Q75,LAB,dispon,13_Q75,6125
LAB_dispon_13_Q87,LAB,dispon,13_Q87,6126
LAB_dispon_13_Q84,LAB,dispon,13_Q84,6127
LAB_dispon_13_Q1,LAB,dispon,13_Q1,6128
LAB_dispon_13_Q85,LAB,dispon,13_Q85,6129
LAB_dispon_13_Q48,LAB,dispon,13_Q48,6130
LAB_dispon_13_Q62,LAB,dispon,13_Q62,6131
LAB_dispon_13_Q80,LAB,dispon,13_Q80,6132
LAB_dispon_13_Q79,LAB,dispon,13_Q79,6133
LAB_dispon_13_Q95,LAB,dispon,13_Q95,6134
LAB_dispon_13_Q70,LAB,dispon,13_Q70,6135
LAB_dispon_13_Q76,LAB,dispon,13_Q76,6136
LAB_dispon_13_Q94,LAB,dispon,13_Q94,6137
LAB_dispon_13_Q77,LAB,dispon,13_Q77,6138
LAB_dispon_13_Q92,LAB,dispon,13_Q92,6139
LAB_dispon_13_Q91,LAB,dispon,13_Q91,6140
LAB_dispon_13_Q93,LAB,dispon,13_Q93,6141
LAB_dispon_13_Q89,LAB,dispon,13_Q89,6142
LAB_dispon_13_Q88,LAB,dispon,13_Q88,6143
LAB_dispon_13_Q73,LAB,dispon,13_Q73,6144
LAB_dispon_13_Q71,LAB,dispon,13_Q71,6145
LAB_dispon_13_Q74,LAB,dispon,13_Q74,6146
LAB_dispon_13_Q82,LAB,dispon,13_Q82,6147
LAB_dispon_13_Q52,LAB,dispon,13_Q52,6148
LAB_dispon_13_Q83,LAB,dispon,13_Q83,6149
LAB_dispon_13_Q96,LAB,dispon,13_Q96,6150
LAB_dispon_13_Q68,LAB,dispon,13_Q68,6151
LAB_dispon_13_Q100,LAB,dispon,13_Q100,6152
LAB_dispon_13_Q90,LAB,dispon,13_Q90,6153
LAB_dispon_13_Q81,LAB,dispon,13_Q81,6154
LAB_dispon_13_Q50,LAB,dispon,13_Q50,6155
LAB_dispon_13_Q86,LAB,dispon,13_Q86,6156
LAB_dispon_13_Q98,LAB,dispon,13_Q98,6157
LAB_dispon_13_Q97,LAB,dispon,13_Q97,6158
LAB_dispon_13_Q99,LAB,dispon,13_Q99,6159
LAB_dispon_13_Q64,LAB,dispon,13_Q64,6160
LAB_dispon_13_Q78,LAB,dispon,13_Q78,6161
